Date,Open,High,Low,Close,Volume,Change
2020-01-02,96000,96200,94100,94700,2342070,0.006376195536663021
2020-01-03,96500,97900,94300,94500,3021380,-0.002111932418162654
2020-01-06,93000,95300,92800,94300,2577573,-0.002116402116402072
2020-01-07,94500,95400,94000,94000,2489429,-0.0031813361611876534
2020-01-08,96400,99500,95200,97400,7014748,0.036170212765957555
2020-01-09,98900,99000,97400,99000,3586413,0.01642710472279263
2020-01-10,99100,99700,97900,98900,2867925,-0.0010101010101010166
2020-01-13,99000,101000,98000,100500,2242008,0.016177957532861553
2020-01-14,101500,103500,99900,100500,2913343,0.0
2020-01-15,99900,99900,98000,98200,2745625,-0.022885572139303534
2020-01-16,97400,99400,97400,99200,2824804,0.010183299389002087
2020-01-17,100500,101500,98800,99000,2246394,-0.0020161290322581182
2020-01-20,100000,101000,99600,99900,1781639,0.009090909090909038
2020-01-21,100500,100500,99000,99300,1483291,-0.006006006006005982
2020-01-22,99000,101000,99000,101000,2257478,0.017119838872104776
2020-01-23,101000,101000,98200,98700,2780104,-0.022772277227722793
2020-01-28,95500,96900,95000,96300,3630362,-0.024316109422492405
2020-01-29,96900,99000,96700,97900,2741459,0.01661474558670828
2020-01-30,97800,97800,93800,94000,3223436,-0.03983656792645551
2020-01-31,94500,97500,93500,93500,4597139,-0.005319148936170248
2020-02-03,91800,95600,91500,94700,3725535,0.012834224598930577
2020-02-04,94800,97500,94500,97100,3169743,0.025343189017951406
2020-02-05,99300,99300,96900,97700,2911995,0.006179196704428458
2020-02-06,98900,101000,98300,100500,2861441,0.028659160696008268
2020-02-07,100000,100500,98400,99300,1827393,-0.011940298507462699
2020-02-10,98000,99200,97400,98800,1825648,-0.0050352467270896595
2020-02-11,99900,100500,99000,99800,1820578,0.010121457489878471
2020-02-12,100500,101000,99100,100000,2616573,0.002004008016031955
2020-02-13,101000,103500,100500,102000,3519491,0.020000000000000018
2020-02-14,101500,105000,101000,104500,1893163,0.02450980392156854
2020-02-17,104500,106000,103500,105000,1190162,0.004784688995215225
2020-02-18,104000,104500,101500,102000,2789667,-0.02857142857142858
2020-02-19,102500,103500,101000,103500,2315634,0.014705882352941124
2020-02-20,104500,106000,102500,104000,3093782,0.004830917874396157
2020-02-21,101500,103500,101000,103000,4064719,-0.009615384615384581
2020-02-24,100500,100500,98900,99500,5550758,-0.03398058252427183
2020-02-25,97800,99100,96400,98000,6594059,-0.015075376884422065
2020-02-26,95500,96100,94400,94600,6405409,-0.03469387755102038
2020-02-27,94700,95300,92200,92800,4644449,-0.019027484143763207
2020-02-28,91000,92200,87700,87900,8171939,-0.05280172413793105
2020-03-02,90000,93100,88300,92100,6382279,0.04778156996587035
2020-03-03,95000,95100,92400,92800,5573006,0.007600434310532034
2020-03-04,91300,95000,91300,94300,4984561,0.016163793103448176
2020-03-05,95200,95900,93800,94900,4028776,0.006362672322375307
2020-03-06,93300,94300,92000,92600,3281612,-0.02423603793466811
2020-03-09,89500,89700,86400,86900,6196552,-0.06155507559395246
2020-03-10,86900,89400,86600,89100,6579153,0.025316455696202445
2020-03-11,88200,88500,85100,85500,5226251,-0.04040404040404044
2020-03-12,83800,84600,79600,82800,8191818,-0.03157894736842104
2020-03-13,76900,84700,76000,82500,8160758,-0.0036231884057971175
2020-03-16,83700,84800,80400,80600,5097762,-0.023030303030303068
2020-03-17,77500,83100,77000,80400,7107436,-0.002481389578163795
2020-03-18,81600,82500,73000,73100,7949482,-0.09079601990049746
2020-03-19,75500,75800,65800,69000,11140367,-0.056087551299589644
2020-03-20,71800,76200,70100,74800,8750101,0.08405797101449286
2020-03-23,69700,71600,68000,69400,8192363,-0.07219251336898391
2020-03-24,73000,78800,72100,78700,7247345,0.13400576368876083
2020-03-25,82000,84700,79800,84500,8787217,0.07369758576874208
2020-03-26,85000,87900,80400,80700,7895289,-0.04497041420118342
2020-03-27,85700,85700,80500,83300,8085695,0.03221809169764556
2020-03-30,81000,84900,80000,83700,5270037,0.004801920768307433
2020-03-31,84000,85500,82000,83300,5333479,-0.004778972520907976
2020-04-01,82100,83200,78400,78400,6845675,-0.05882352941176472
2020-04-02,78800,80000,76500,80000,5394371,0.020408163265306145
2020-04-03,80000,80800,78500,79600,3755301,-0.0050000000000000044
2020-04-06,81000,83300,80200,83100,5784159,0.04396984924623126
2020-04-07,86600,86700,83700,85800,6188649,0.032490974729241895
2020-04-08,85800,86500,84500,84500,3749575,-0.015151515151515138
2020-04-09,86200,86500,84500,85000,3555538,0.00591715976331364
2020-04-10,84000,84400,83000,84100,3675338,-0.010588235294117676
2020-04-13,83200,83400,81100,81400,3615318,-0.03210463733650415
2020-04-14,82200,83700,81200,82300,3344109,0.011056511056511065
2020-04-16,80600,82300,80600,81300,4470072,-0.012150668286755817
2020-04-17,83600,85900,83200,84100,6205624,0.03444034440344401
2020-04-20,83900,83900,82000,82000,5027876,-0.024970273483947647
2020-04-21,80600,82200,80200,81300,5090721,-0.008536585365853666
2020-04-22,80600,83900,80000,83900,5335787,0.03198031980319804
2020-04-23,85200,85200,82000,82600,6519481,-0.015494636471990453
2020-04-24,82000,82500,80800,81400,3193144,-0.014527845036319653
2020-04-27,81700,83200,81200,82600,3235430,0.014742014742014753
2020-04-28,82500,83900,82400,83400,3205535,0.009685230024213176
2020-04-29,83500,84800,82900,83700,3750568,0.003597122302158251
2020-05-04,82900,82900,80800,81000,5280026,-0.032258064516129004
2020-05-06,82000,82500,80900,82400,3351424,0.01728395061728394
2020-05-07,82400,83400,81800,82400,2660512,0.0
2020-05-08,83000,85500,83000,85000,5039635,0.031553398058252524
2020-05-11,84500,85200,84100,84500,2800047,-0.00588235294117645
2020-05-12,84500,86500,83200,85700,3574409,0.014201183431952646
2020-05-13,83500,84100,83000,83600,5371416,-0.02450408401400228
2020-05-14,82200,82500,80600,80600,6409652,-0.03588516746411485
2020-05-15,81500,82300,80700,81900,4168866,0.016129032258064502
2020-05-18,80400,81800,79200,81100,5294177,-0.009768009768009733
2020-05-19,82400,83200,81700,82700,4620614,0.019728729963008673
2020-05-20,81900,84200,81800,84100,3924403,0.016928657799274438
2020-05-21,84900,84900,83200,83400,2678953,-0.008323424494649179
2020-05-22,83100,83300,81000,81300,3471700,-0.025179856115107868
2020-05-25,81500,81800,80500,81400,2850294,0.0012300123001229846
2020-05-26,80600,82100,80600,81900,3040122,0.006142506142506221
2020-05-27,81100,82700,81000,81400,2946278,-0.006105006105006083
2020-05-28,84100,85400,82400,83900,9227823,0.03071253071253066
2020-05-29,82600,82700,81300,81500,6815185,-0.028605482717520836
2020-06-01,82100,83700,82100,83600,4205357,0.025766871165644245
2020-06-02,82700,83600,82700,83300,3114162,-0.0035885167464114742
2020-06-03,83400,89200,83400,88700,11642239,0.06482593037214879
2020-06-04,90000,91600,87100,87700,6678244,-0.011273957158962844
2020-06-05,88500,90800,87700,90400,4000557,0.03078677309007971
2020-06-08,93000,93000,90600,91000,3789382,0.006637168141592875
2020-06-09,91000,92000,89100,89800,3410081,-0.01318681318681314
2020-06-10,89800,91100,89400,90800,3045250,0.011135857461024523
2020-06-11,89300,90300,87500,88500,5467344,-0.025330396475770955
2020-06-12,84500,85800,84500,85200,4742329,-0.037288135593220306
2020-06-15,84100,86500,82000,82000,4710114,-0.03755868544600938
2020-06-16,83400,85700,83300,85400,3518785,0.04146341463414638
2020-06-17,84800,87400,83500,86800,4160612,0.016393442622950838
2020-06-18,86100,86800,85400,86200,2484147,-0.00691244239631339
2020-06-19,86500,87000,84500,85400,3216102,-0.009280742459396807
2020-06-22,84400,85900,84300,84900,2167216,-0.005854800936768156
2020-06-23,85600,86200,83900,84100,2955819,-0.009422850412249661
2020-06-24,84200,87400,84000,86000,4079834,0.022592152199762294
2020-06-25,84300,85600,84000,84300,3397112,-0.019767441860465085
2020-06-26,86000,86100,84500,84600,2889494,0.003558718861210064
2020-06-29,84000,85300,83500,83600,2932433,-0.011820330969267157
2020-06-30,86200,87300,85000,85100,4983607,0.017942583732057482
2020-07-01,86800,87300,84900,85300,2382552,0.00235017626321965
2020-07-02,84800,85200,84000,84400,3295340,-0.010550996483001174
2020-07-03,85000,85600,84500,85400,2195897,0.011848341232227444
2020-07-06,86000,87000,85800,86000,2561766,0.007025761124121788
2020-07-07,87300,87300,84600,84800,3196352,-0.013953488372092981
2020-07-08,83800,84900,83600,83700,3523620,-0.01297169811320753
2020-07-09,84200,84600,83000,83000,4002365,-0.008363201911589013
2020-07-10,83300,83500,82400,82800,2201557,-0.002409638554216831
2020-07-13,83100,83500,82500,83000,2080934,0.0024154589371980784
2020-07-14,82600,82900,82000,82900,2048671,-0.001204819277108471
2020-07-15,83100,83900,82900,83000,3024429,0.0012062726176116367
2020-07-16,83000,83100,82300,82700,2312310,-0.0036144578313253017
2020-07-17,82700,83500,82600,82900,1579078,0.002418379685610539
2020-07-20,82800,83000,82100,82200,2008624,-0.008443908323281013
2020-07-21,83400,84700,83000,84100,4181015,0.02311435523114347
2020-07-22,84100,84200,82900,83200,2876295,-0.010701545778834753
2020-07-23,84000,84000,82300,82400,3591647,-0.009615384615384581
2020-07-24,82300,83700,82200,83700,3667416,0.01577669902912615
2020-07-27,83100,84000,82800,82800,2784652,-0.010752688172043001
2020-07-28,83900,83900,82700,83100,4538720,0.0036231884057971175
2020-07-29,82900,83800,82600,83200,3719681,0.001203369434416457
2020-07-30,83300,86400,83000,85300,6870841,0.02524038461538458
2020-07-31,85700,86000,82800,82800,4848989,-0.029308323563892125
2020-08-03,82400,82600,81500,81800,3483106,-0.012077294685990392
2020-08-04,81800,82500,81400,81600,3005937,-0.0024449877750610804
2020-08-05,81200,81300,80500,80700,4537005,-0.011029411764705843
2020-08-06,80700,81900,80700,81100,3391939,0.004956629491945419
2020-08-07,81200,81300,80000,80600,4946631,-0.006165228113440224
2020-08-10,80100,81900,79800,81400,3277238,0.00992555831265518
2020-08-11,81700,82000,81000,81300,3234013,-0.0012285012285012664
2020-08-12,81100,81300,80200,81000,3595828,-0.0036900369003689537
2020-08-13,81900,82000,80300,80700,4049387,-0.0037037037037036535
2020-08-14,80200,81100,80100,80200,2589552,-0.006195786864931829
2020-08-18,80000,80200,78000,78100,4946279,-0.026184538653366562
2020-08-19,77300,78000,75000,75000,8028305,-0.03969270166453265
2020-08-20,74400,74400,71300,71800,7260223,-0.04266666666666663
2020-08-21,72800,77000,72500,74500,7700029,0.03760445682451263
2020-08-24,74600,77200,73700,75500,4298619,0.01342281879194629
2020-08-25,76300,77700,75400,77000,3473488,0.019867549668874274
2020-08-26,78000,79100,77100,78800,4741965,0.023376623376623273
2020-08-27,80200,80200,78800,79100,4223450,0.0038071065989848663
2020-08-28,79500,79600,77700,77800,2511956,-0.01643489254108721
2020-08-31,78200,78800,75100,75100,5113128,-0.03470437017994854
2020-09-01,75200,76500,75200,75200,2538676,0.0013315579227697327
2020-09-02,75900,76400,74900,75500,2369360,0.003989361702127603
2020-09-03,77700,79700,77200,78700,7002529,0.042384105960264984
2020-09-04,76400,79400,76100,78700,4582566,0.0
2020-09-07,78600,79500,77600,78400,2786930,-0.003811944091486663
2020-09-08,78700,80000,78200,79400,3380355,0.012755102040816313
2020-09-09,77900,78400,77200,77300,3918435,-0.026448362720403074
2020-09-10,78000,78200,76600,76600,3541520,-0.009055627425614499
2020-09-11,76700,78500,76300,78400,2831262,0.023498694516971286
2020-09-14,79100,80100,78900,80000,4099644,0.020408163265306145
2020-09-15,81300,82100,80200,81900,5899410,0.023749999999999938
2020-09-16,81700,82400,80500,81500,3119110,-0.004884004884004867
2020-09-17,81900,82900,81200,82200,4055050,0.008588957055214674
2020-09-18,82900,83900,82200,83700,5199334,0.018248175182481674
2020-09-21,83700,85000,83600,84500,4102947,0.009557945041815952
2020-09-22,84400,84800,80200,81300,4139983,-0.037869822485207094
2020-09-23,82300,84800,80500,83600,4439085,0.02829028290282909
2020-09-24,82800,85400,82300,84300,6401560,0.00837320574162681
2020-09-25,85800,85900,82200,82900,3205596,-0.016607354685646447
2020-09-28,83400,83700,81300,82500,3154068,-0.004825090470446325
2020-09-29,83100,84900,82200,84000,4707898,0.018181818181818077
2020-10-05,83000,84100,82300,83200,3396894,-0.00952380952380949
2020-10-06,84000,84200,82600,83000,2750145,-0.0024038461538461453
2020-10-07,82900,83700,82500,83400,2254356,0.004819277108433662
2020-10-08,84300,84500,82900,82900,3330824,-0.005995203836930418
2020-10-12,83900,85500,83500,85500,4464264,0.031363088057901
2020-10-13,85500,89000,84600,88200,6375448,0.03157894736842115
2020-10-14,88000,88900,86100,86500,3223767,-0.019274376417233507
2020-10-15,86100,87300,85900,87100,2802900,0.006936416184971206
2020-10-16,87000,87900,84900,85300,2435541,-0.02066590126291623
2020-10-19,86100,87900,85800,86700,3150011,0.016412661195779554
2020-10-20,85300,90900,83700,85200,6622637,-0.01730103806228378
2020-10-21,85300,86200,82800,83800,4925877,-0.016431924882629123
2020-10-22,84200,84300,82500,83300,2593975,-0.005966587112171795
2020-10-23,82800,84700,82300,83900,2609595,0.007202881152460927
2020-10-26,84300,84700,83000,83200,1662847,-0.008343265792610244
2020-10-27,82300,83400,81800,82600,2265817,-0.007211538461538436
2020-10-28,82100,83600,82000,82900,1773556,0.00363196125907983
2020-10-29,81900,82400,81000,81700,2637314,-0.014475271411338975
2020-10-30,81600,82100,79900,79900,2710477,-0.022031823745410017
2020-11-02,80200,80600,79200,79600,2000394,-0.003754693366708417
2020-11-03,79600,81400,79600,81400,2057723,0.022613065326633208
2020-11-04,82100,84400,81200,83200,3782296,0.02211302211302213
2020-11-05,84100,86200,83300,86100,4082325,0.03485576923076916
2020-11-06,86500,87700,86000,86300,2863808,0.0023228803716608404
2020-11-09,86500,87300,85600,86000,2444330,-0.0034762456546929554
2020-11-10,86900,87200,85900,86500,2849783,0.005813953488372103
2020-11-11,86100,87200,85900,87000,2638617,0.005780346820809301
2020-11-12,87600,88400,87000,88100,4006433,0.012643678160919603
2020-11-13,88100,90000,87500,89700,3774278,0.018161180476730987
2020-11-16,92100,98100,91100,98000,9274278,0.09253065774804914
2020-11-17,97400,99600,96500,98100,5218295,0.0010204081632652073
2020-11-18,99800,100500,96600,98000,3734037,-0.0010193679918450993
2020-11-19,96200,98300,96000,98200,2766688,0.0020408163265306367
2020-11-20,99000,99000,96800,96800,2424003,-0.014256619144602856
2020-11-23,97300,101000,96600,100000,4149013,0.03305785123966931
2020-11-24,101000,102000,98300,98600,3766043,-0.014000000000000012
2020-11-25,100500,100500,96300,97200,4081524,-0.014198782961460488
2020-11-26,96800,99500,96300,99400,2933290,0.02263374485596703
2020-11-27,99600,99900,98200,98800,1976047,-0.006036217303822977
2020-11-30,99700,99800,97300,97500,3877841,-0.013157894736842146
2020-12-01,98600,101500,97800,100500,4455519,0.03076923076923066
2020-12-02,103000,109500,103000,109000,7488361,0.08457711442786064
2020-12-03,110500,114500,109000,111500,6617912,0.022935779816513735
2020-12-04,116000,119500,112500,115000,8258814,0.03139013452914807
2020-12-07,118500,120000,116000,118000,5191354,0.026086956521739202
2020-12-08,118000,118000,114000,115000,4536460,-0.025423728813559365
2020-12-09,116000,121000,115000,120500,5490760,0.047826086956521685
2020-12-10,117000,118500,115500,116500,8205744,-0.03319502074688796
2020-12-11,118000,118000,115000,115500,3944552,-0.008583690987124415
2020-12-14,116000,119000,115500,117000,3066761,0.01298701298701288
2020-12-15,118500,118500,115000,117500,2755902,0.004273504273504258
2020-12-16,119000,119500,117000,117500,2213552,0.0
2020-12-17,118500,119500,117000,119500,3649945,0.017021276595744705
2020-12-18,118500,119000,117500,118500,3010798,-0.008368200836820106
2020-12-21,118000,118000,114500,116000,3585805,-0.021097046413502074
2020-12-22,115000,115500,112500,112500,4270842,-0.030172413793103425
2020-12-23,113000,116000,112500,116000,3173156,0.03111111111111109
2020-12-24,116000,118500,115500,118000,3486636,0.01724137931034475
2020-12-28,119000,119500,115000,115500,4825132,-0.021186440677966156
2020-12-29,118000,118500,114000,116000,4208916,0.0043290043290042934
2020-12-30,116000,118500,114500,118500,4195192,0.02155172413793105
2021-01-04,124500,128000,120500,126000,7995016,0.06329113924050622
2021-01-05,124500,132500,124000,130500,7180224,0.03571428571428581
2021-01-06,132500,137000,130000,131000,8525749,0.003831417624521105
2021-01-07,132500,137500,131500,134500,5981299,0.026717557251908497
2021-01-08,136000,138000,132500,138000,8713010,0.026022304832713727
2021-01-11,138000,140000,131000,133000,11154671,-0.036231884057971064
2021-01-12,132000,133500,125500,129000,8700877,-0.03007518796992481
2021-01-13,129000,133500,128500,133000,6791044,0.03100775193798455
2021-01-14,132500,133000,129000,130500,5380278,-0.018796992481203034
2021-01-15,133000,135000,127000,127500,4838114,-0.02298850574712641
2021-01-18,126000,131000,125000,130000,5927419,0.019607843137254832
2021-01-19,131000,132000,128500,130500,4513315,0.0038461538461538325
2021-01-20,134000,135000,130000,130500,4913282,0.0
2021-01-21,131500,133000,130000,131500,3067677,0.00766283524904221
2021-01-22,131500,132000,128500,128500,3927767,-0.02281368821292773
2021-01-25,130000,135000,129500,135000,5061864,0.05058365758754868
2021-01-26,134000,134000,128500,129000,6270106,-0.0444444444444444
2021-01-27,129500,132000,127500,128500,5068456,-0.003875968992248069
2021-01-28,124000,125500,121500,123000,6270829,-0.04280155642023342
2021-01-29,128500,128500,121500,122500,7391307,-0.004065040650406471
2021-02-01,121000,126000,118000,125000,5620305,0.020408163265306145
2021-02-02,128500,132500,127000,130000,4880067,0.040000000000000036
2021-02-03,131000,131500,128500,130000,3693688,0.0
2021-02-04,127500,128500,124000,125000,4600618,-0.038461538461538436
2021-02-05,126500,128000,124500,127500,3497303,0.020000000000000018
2021-02-08,127500,128000,125000,125000,2876471,-0.019607843137254943
2021-02-09,127500,130000,125000,125500,5177095,0.0040000000000000036
2021-02-10,125500,127000,124500,126000,4262526,0.003984063745019917
2021-02-15,130000,132500,130000,132000,5384526,0.04761904761904767
2021-02-16,132500,134000,130500,132500,3218689,0.0037878787878788955
2021-02-17,131000,131000,128000,130000,3621178,-0.018867924528301883
2021-02-18,128500,130000,125500,126000,3792425,-0.03076923076923077
2021-02-19,129000,133000,128500,133000,6986526,0.05555555555555558
2021-02-22,136000,139500,135000,136500,7961516,0.026315789473684292
2021-02-23,133500,140000,131500,138500,6400037,0.0146520146520146
2021-02-24,137500,143500,134000,136000,9074809,-0.018050541516245522
2021-02-25,141000,149500,140000,148500,9936495,0.09191176470588225
2021-02-26,143500,145000,138000,141500,10843268,-0.047138047138047146
2021-03-02,149000,150500,141000,144500,9376523,0.021201413427561766
2021-03-03,142500,147000,139500,147000,5827221,0.01730103806228378
2021-03-04,143000,145500,139500,142000,6586562,-0.03401360544217691
2021-03-05,138000,141500,136500,140000,6091444,-0.014084507042253502
2021-03-08,143000,143000,135500,135500,5587787,-0.03214285714285714
2021-03-09,134000,137500,130500,136500,7822152,0.007380073800737907
2021-03-10,140500,140500,132500,133000,5614476,-0.02564102564102566
2021-03-11,134500,139000,134000,137000,6707671,0.03007518796992481
2021-03-12,140500,142500,139500,140000,4548695,0.021897810218978186
2021-03-15,141500,142000,136000,136500,4289990,-0.025000000000000022
2021-03-16,138500,140500,138000,140500,3304561,0.0293040293040292
2021-03-17,141000,141000,138500,140000,2588319,-0.003558718861209953
2021-03-18,142500,145000,141000,142000,4426840,0.014285714285714235
2021-03-19,138000,139500,137000,138000,4015627,-0.028169014084507005
2021-03-22,138500,140000,137000,138000,2727719,0.0
2021-03-23,139000,139500,134000,135000,3839090,-0.021739130434782594
2021-03-24,133000,134500,131500,133500,3894080,-0.011111111111111072
2021-03-25,133000,134500,130500,133000,4157799,-0.0037453183520599342
2021-03-26,134000,135000,132000,135000,3835443,0.015037593984962516
2021-03-29,135500,135500,131500,132000,3575226,-0.022222222222222254
2021-03-30,133000,135500,132000,134500,3304184,0.018939393939394034
2021-03-31,134500,135000,132000,132500,3309680,-0.014869888475836479
2021-04-01,138000,140500,136500,140500,5833436,0.060377358490566024
2021-04-02,142000,143000,140000,141000,3432245,0.003558718861210064
2021-04-05,142000,144500,141000,143000,2616440,0.014184397163120588
2021-04-06,147000,147000,141500,143000,3753217,0.0
2021-04-07,146000,146000,142500,143500,2424687,0.0034965034965035446
2021-04-08,143500,146000,142500,144000,3774932,0.0034843205574912606
2021-04-09,144000,145000,139500,140000,3276077,-0.02777777777777779
2021-04-12,140500,140500,136000,137500,3878457,-0.017857142857142905
2021-04-13,136000,140000,135500,139500,2876178,0.014545454545454639
2021-04-14,139000,139000,136500,137000,2777203,-0.017921146953404965
2021-04-15,136000,139000,136000,137500,2291160,0.0036496350364962904
2021-04-16,138500,139000,137500,137500,1982877,0.0
2021-04-19,138000,139000,137000,138000,1906782,0.0036363636363636598
2021-04-20,136500,138500,136500,138500,2167732,0.0036231884057971175
2021-04-21,138000,138000,132000,132500,5120577,-0.04332129963898912
2021-04-22,134500,135500,133000,133000,3007457,0.0037735849056603765
2021-04-23,130500,132500,128500,132500,4854412,-0.003759398496240629
2021-04-26,132500,132500,130500,131500,2904879,-0.007547169811320753
2021-04-27,133000,136000,132500,135000,3394650,0.026615969581748944
2021-04-28,134500,135000,130000,130000,5596760,-0.03703703703703709
2021-04-29,132000,133000,129000,130000,3738266,0.0
2021-04-30,130000,130500,126500,128000,3955947,-0.01538461538461533
2021-05-03,127500,132500,127000,131500,4085398,0.02734375
2021-05-04,130500,132000,129000,132000,2547004,0.0038022813688212143
2021-05-06,130000,130500,128000,129000,4211535,-0.022727272727272707
2021-05-07,128000,131000,127000,129500,3450323,0.003875968992248069
2021-05-10,131000,131000,128500,130000,3067077,0.0038610038610038533
2021-05-11,127000,127500,122000,123000,9882491,-0.05384615384615388
2021-05-12,123000,123500,119000,119500,8272196,-0.028455284552845517
2021-05-13,116000,118500,115500,117500,6042025,-0.01673640167364021
2021-05-14,118500,120000,118000,118500,3227201,0.008510638297872353
2021-05-17,120000,120000,117000,117500,3110127,-0.008438818565400852
2021-05-18,117500,122000,117500,121000,3470048,0.029787234042553123
2021-05-20,121000,124000,119500,122500,4600751,0.012396694214876103
2021-05-21,124500,125500,121000,122500,4062695,0.0
2021-05-24,122000,122500,119000,119500,3188734,-0.024489795918367308
2021-05-25,121500,123000,120500,123000,3258364,0.029288702928870203
2021-05-26,124000,124500,122000,123000,3015522,0.0
2021-05-27,124500,126000,123000,125500,4539067,0.020325203252032464
2021-05-28,126500,126500,124000,125000,2332971,-0.003984063745019917
2021-05-31,126000,127000,124000,127000,2448074,0.016000000000000014
2021-06-01,127000,129000,126000,128500,2819179,0.011811023622047223
2021-06-02,128500,129000,125500,126000,2885654,-0.01945525291828798
2021-06-03,127000,130000,126500,129000,3353993,0.023809523809523725
2021-06-04,127500,129000,126500,128500,2555891,-0.003875968992248069
2021-06-07,129500,130000,128000,128500,2562918,0.0
2021-06-08,127000,127500,125000,127500,4194955,-0.0077821011673151474
2021-06-09,125500,126000,122500,122500,6087592,-0.039215686274509776
2021-06-10,122500,124000,120500,123000,4533076,0.004081632653061273
2021-06-11,124500,128500,124000,128000,4868608,0.04065040650406515
2021-06-14,127000,127500,125500,127000,2022730,-0.0078125
2021-06-15,128500,129500,128000,128500,1975082,0.011811023622047223
2021-06-16,128000,129500,127000,129500,1893752,0.0077821011673151474
2021-06-17,127000,128000,126000,126500,2123793,-0.02316602316602312
2021-06-18,127500,127500,124500,124500,2506112,-0.015810276679841917
2021-06-21,121000,123000,120500,122000,3275288,-0.02008032128514059
2021-06-22,122500,123500,122000,122000,2179712,0.0
2021-06-23,122500,124500,122000,124000,2703658,0.016393442622950838
2021-06-24,124000,126500,123500,126000,2646407,0.016129032258064502
2021-06-25,128000,129000,127500,128500,2531018,0.01984126984126977
2021-06-28,129000,129500,126000,126000,2402730,-0.01945525291828798
2021-06-29,127500,128000,125000,125000,2211572,-0.007936507936507908
2021-06-30,126500,129500,126000,127500,4346027,0.020000000000000018
2021-07-01,127500,128000,124000,124500,3336174,-0.02352941176470591
2021-07-02,122500,123500,121500,122500,3983921,-0.016064257028112428
2021-07-05,123500,124500,122500,123000,1632551,0.004081632653061273
2021-07-06,124000,126000,123500,125000,2067135,0.016260162601626105
2021-07-07,125000,125500,122500,123500,2229140,-0.01200000000000001
2021-07-08,123500,123500,121000,121500,3165552,-0.01619433198380571
2021-07-09,120500,120500,118000,119500,4823577,-0.016460905349794275
2021-07-12,121000,122000,119500,120000,2477201,0.004184100418409997
2021-07-13,121000,123500,121000,123000,2879072,0.02499999999999991
2021-07-14,122500,124000,121500,123500,2443087,0.004065040650406582
2021-07-15,123500,124000,122500,123500,1500981,0.0
2021-07-16,122000,122500,120500,121500,2905546,-0.01619433198380571
2021-07-19,119000,120000,118500,119000,2066638,-0.020576131687242816
2021-07-20,117500,119500,117500,118500,2070074,-0.004201680672268893
2021-07-21,119500,120000,116500,117000,2864601,-0.012658227848101222
2021-07-22,118000,120000,118000,119500,1919233,0.02136752136752129
2021-07-23,118500,119000,117500,118500,1747651,-0.008368200836820106
2021-07-26,119500,120000,117000,117000,1836657,-0.012658227848101222
2021-07-27,118000,119000,116000,116000,2916330,-0.008547008547008517
2021-07-28,115000,115500,112500,114000,6033084,-0.017241379310344862
2021-07-29,115000,115500,113000,114000,3054699,0.0
2021-07-30,114000,114000,112500,112500,2888566,-0.013157894736842146
2021-08-02,113500,117000,113000,116000,4276730,0.03111111111111109
2021-08-03,118000,120500,117000,120000,4396423,0.034482758620689724
2021-08-04,122000,123000,120500,121000,4162635,0.008333333333333304
2021-08-05,121000,121500,118000,120000,3491584,-0.008264462809917328
2021-08-06,119000,119500,117500,118000,2209875,-0.01666666666666672
2021-08-09,117500,118000,116000,116000,2755724,-0.016949152542372836
2021-08-10,115000,115500,112000,112500,5420223,-0.030172413793103425
2021-08-11,109000,110000,105000,105500,13715267,-0.06222222222222218
2021-08-12,102000,104000,99800,100500,19150647,-0.04739336492891
2021-08-13,99600,101500,98900,101500,11622957,0.00995024875621886
2021-08-17,101000,103500,100500,101500,7851717,0.0
2021-08-18,103000,105500,101500,104000,8047599,0.024630541871921263
2021-08-19,103000,105500,101500,102500,6161038,-0.014423076923076872
2021-08-20,104000,104500,102000,102500,4719139,0.0
2021-08-23,104500,105000,103000,103000,4515699,0.004878048780487809
2021-08-24,104500,105500,104000,105000,4454743,0.01941747572815533
2021-08-25,106000,106000,102500,103500,3194555,-0.014285714285714235
2021-08-26,106000,106500,103500,104000,3694741,0.004830917874396157
2021-08-27,103500,104500,101000,103500,3507782,-0.004807692307692291
2021-08-30,105000,105500,103500,103500,1815758,0.0
2021-08-31,103500,106500,102000,106500,4979276,0.02898550724637672
2021-09-01,106000,108000,104500,108000,4736183,0.014084507042253502
2021-09-02,108000,108500,106000,106500,2724565,-0.01388888888888884
2021-09-03,106500,107500,106000,107000,2513486,0.0046948356807512415
2021-09-06,106500,107000,105000,106000,1888595,-0.009345794392523366
2021-09-07,105500,106000,104000,104500,2547667,-0.014150943396226467
2021-09-08,104000,107500,103500,106000,2891267,0.014354066985645897
2021-09-09,105000,106000,103000,103000,3233011,-0.028301886792452824
2021-09-10,103500,105500,103000,105000,1999369,0.01941747572815533
2021-09-13,105000,107000,104000,106500,1923344,0.014285714285714235
2021-09-14,107500,108500,106500,107500,2463248,0.009389671361502261
2021-09-15,107500,107500,105500,107500,2933797,0.0
2021-09-16,107000,107500,104000,104000,3602821,-0.032558139534883734
2021-09-17,104500,107500,104000,107000,3386517,0.028846153846153744
2021-09-23,105500,107000,105000,105500,2493313,-0.014018691588784993
2021-09-24,106000,106500,104000,104000,2236954,-0.014218009478673022
2021-09-27,104000,105500,103500,104500,1839358,0.004807692307692291
2021-09-28,105000,105500,103000,103500,2951945,-0.009569377990430672
2021-09-29,101000,102000,99700,100000,6353977,-0.033816425120772986
2021-09-30,99900,103500,99600,103000,3910557,0.030000000000000027
2021-10-01,102000,102500,100000,100000,2681124,-0.029126213592232997
2021-10-05,98900,99500,97200,97900,3244145,-0.02100000000000002
2021-10-06,98400,98700,95800,96500,2816951,-0.01430030643513791
2021-10-07,96300,96800,95000,95700,3834957,-0.00829015544041456
2021-10-08,96200,96300,93500,94000,4098832,-0.017763845350052265
2021-10-12,92400,92900,90800,91500,4728215,-0.02659574468085102
2021-10-13,90900,93500,90500,92000,3045438,0.005464480874316946
2021-10-14,92400,94500,92100,93800,2414639,0.019565217391304346
2021-10-15,96000,98500,95700,98400,4229748,0.049040511727078906
2021-10-18,98300,98300,96700,97100,2111399,-0.013211382113821113
2021-10-19,98600,98600,97100,97700,1400175,0.006179196704428458
2021-10-20,98200,98600,97200,97900,2010529,0.0020470829068577334
2021-10-21,97300,98300,96100,96300,2152221,-0.01634320735444328
2021-10-22,95500,99200,95500,98500,1962833,0.022845275181723856
2021-10-25,99500,101500,98300,100000,2950459,0.015228426395939021
2021-10-26,101500,103500,101000,102000,3458645,0.020000000000000018
2021-10-27,103000,104000,101500,101500,2859255,-0.004901960784313708
2021-10-28,102000,107500,101500,106500,6329703,0.049261083743842304
2021-10-29,107000,108500,103000,103000,4007223,-0.032863849765258246
2021-11-01,103500,107000,102500,106500,3118661,0.03398058252427183
2021-11-02,107000,108500,106500,107500,2892292,0.009389671361502261
2021-11-03,108500,109000,104500,105500,3116506,-0.018604651162790753
2021-11-04,107000,108000,105500,106000,2059242,0.004739336492890933
2021-11-05,108000,108500,105500,107000,2523345,0.009433962264151052
2021-11-08,107000,108000,104000,107500,2212348,0.004672897196261738
2021-11-09,108000,110000,107500,109000,3440686,0.013953488372093092
2021-11-10,108500,109500,107500,108500,2361295,-0.004587155963302725
2021-11-11,107500,108000,105500,107500,2731498,-0.009216589861751112
2021-11-12,109000,109500,105500,106500,1786165,-0.009302325581395321
2021-11-15,108500,111500,108000,111000,4701568,0.04225352112676051
2021-11-16,111000,113000,109000,112000,3767311,0.009009009009008917
2021-11-17,113000,113000,110000,110500,3062491,-0.013392857142857095
2021-11-18,110000,111000,109000,110000,1928891,-0.004524886877828038
2021-11-19,110000,112500,110000,111500,2324668,0.013636363636363669
2021-11-22,116500,121000,116000,119500,9786492,0.0717488789237668
2021-11-23,119500,121000,117500,119000,4847270,-0.004184100418409997
2021-11-24,120500,122500,118000,119500,4001111,0.004201680672268893
2021-11-25,120500,121000,117000,117500,3339835,-0.01673640167364021
2021-11-26,116500,118500,113000,115500,4337936,-0.017021276595744705
2021-11-29,113000,118500,113000,116000,4412863,0.0043290043290042934
2021-11-30,118000,119000,112500,114000,7449608,-0.017241379310344862
2021-12-01,114500,117500,112000,116500,4214135,0.021929824561403466
2021-12-02,115500,120500,115000,120000,6980518,0.030042918454935563
2021-12-03,119000,119500,115500,118000,4567843,-0.01666666666666672
2021-12-06,116000,119000,115500,118500,4318893,0.004237288135593209
2021-12-07,119000,122500,118000,121500,5112025,0.025316455696202445
2021-12-08,124000,125000,119500,120000,6168137,-0.012345679012345734
2021-12-09,120500,123500,119000,123500,5631833,0.029166666666666563
2021-12-10,120500,121500,119500,120500,2512642,-0.02429149797570851
2021-12-13,121000,124000,121000,121500,3329176,0.008298755186721962
2021-12-14,120500,123000,120000,121000,2201003,-0.004115226337448541
2021-12-15,120000,123500,120000,123500,2681332,0.02066115702479343
2021-12-16,125000,125500,122500,124000,3869086,0.004048582995951344
2021-12-17,120500,123000,120500,122000,3850444,-0.016129032258064502
2021-12-20,121500,123500,120500,120500,2846815,-0.012295081967213073
2021-12-21,124000,124500,122500,124500,3678590,0.03319502074688807
2021-12-22,127500,128500,126000,127000,3817689,0.02008032128514059
2021-12-23,129000,129000,126500,127500,2398358,0.003937007874015741
2021-12-24,129000,130000,128000,128000,2462683,0.0039215686274509665
2021-12-27,128500,129000,126000,126000,2684135,-0.015625
2021-12-28,126500,128000,124500,127500,4086063,0.011904761904761862
2021-12-29,127500,128500,125500,127000,3832154,-0.0039215686274509665
2021-12-30,131000,133500,130000,131000,5172987,0.03149606299212593
2022-01-03,132000,132500,128000,128500,3782213,-0.01908396946564883
2022-01-04,129500,130000,127500,128500,3622369,0.0
2022-01-05,129000,129000,121500,125500,7414954,-0.023346303501945553
2022-01-06,123500,127000,123000,125000,3725569,-0.003984063745019917
2022-01-07,127000,129000,126500,127000,3270119,0.016000000000000014
2022-01-10,126500,127000,123000,124500,3449197,-0.019685039370078705
2022-01-11,125500,128500,124500,128000,3958787,0.028112449799196693
2022-01-12,129500,130000,126500,128500,3552174,0.00390625
2022-01-13,128500,130000,128000,129500,4155984,0.0077821011673151474
2022-01-14,128500,129000,126000,128500,3769648,-0.007722007722007707
2022-01-17,127500,128000,124500,127000,3730393,-0.011673151750972721
2022-01-18,126500,127500,125000,126500,3607850,-0.003937007874015741
2022-01-19,123500,128500,123500,127000,4094609,0.0039525691699604515
2022-01-20,126000,126500,123500,125000,5441986,-0.015748031496062964
2022-01-21,121500,122500,118000,119000,6465040,-0.04800000000000004
2022-01-24,116500,120500,116500,119000,4883822,0.0
2022-01-25,118000,120000,116500,118000,5702595,-0.008403361344537785
2022-01-26,119000,119500,117500,117500,3416240,-0.004237288135593209
2022-01-27,119500,119500,111000,113500,6679404,-0.03404255319148941
2022-01-28,115000,121500,114500,120500,4776510,0.06167400881057272
2022-02-03,124500,127000,124000,124000,5171178,0.029045643153526868
2022-02-04,125500,127000,124000,124500,3037097,0.0040322580645162365
2022-02-07,123000,123500,119500,123000,4804261,-0.012048192771084376
2022-02-08,124500,126000,123500,125000,4054097,0.016260162601626105
2022-02-09,127000,128000,124500,126000,4339337,0.008000000000000007
2022-02-10,129000,131000,127000,129500,7269729,0.02777777777777768
2022-02-11,130500,132500,130000,132000,6057207,0.019305019305019266
2022-02-14,130000,132500,129500,132500,4962205,0.0037878787878788955
2022-02-15,131500,132000,127000,127000,5097120,-0.04150943396226414
2022-02-16,131000,132500,130000,130500,3499809,0.027559055118110187
2022-02-17,130500,134000,130000,133000,5433402,0.019157088122605304
2022-02-18,131500,133000,129500,131500,3108887,-0.011278195488721776
2022-02-21,129000,130500,127000,130000,4048108,-0.011406844106463865
2022-02-22,127000,129500,126000,128500,3179806,-0.011538461538461497
2022-02-23,130000,130500,127000,128500,2752112,0.0
2022-02-24,125500,126000,122000,122500,5748069,-0.046692607003890996
2022-02-25,125500,126000,122500,123000,3309625,0.004081632653061273
2022-02-28,123000,123500,121000,123500,3224264,0.004065040650406582
2022-03-02,124500,126500,123000,125000,2903340,0.012145748987854255
2022-03-03,128000,129500,127000,129000,3088097,0.03200000000000003
2022-03-04,127500,128000,124000,124500,3249773,-0.03488372093023251
2022-03-07,119000,121000,119000,119500,5203286,-0.04016064257028118
2022-03-08,117000,119500,116500,118000,3619045,-0.012552301255230103
2022-03-10,121000,121500,118500,120000,3912683,0.016949152542372836
2022-03-11,118500,119000,115500,117000,3087532,-0.025000000000000022
2022-03-14,115500,117000,114500,116000,3172353,-0.008547008547008517
2022-03-15,114500,115500,112000,112500,3578256,-0.030172413793103425
2022-03-16,115000,117000,114000,116500,3739977,0.03555555555555556
2022-03-17,121000,124500,121000,124000,7219813,0.06437768240343344
2022-03-18,124000,125000,121000,124000,4493159,0.0
2022-03-21,124000,124500,121000,122000,3433809,-0.016129032258064502
2022-03-22,121000,124000,121000,123500,2246439,0.012295081967213184
2022-03-23,124000,124500,122000,123500,4085633,0.0
2022-03-24,121000,122000,119500,120500,4215272,-0.02429149797570851
2022-03-25,122000,123000,118000,118000,5514940,-0.020746887966805017
2022-03-28,117500,119500,116500,118000,3234792,0.0
2022-03-29,119500,120500,118500,120000,3375247,0.016949152542372836
2022-03-30,123000,123000,120500,121000,3436282,0.008333333333333304
2022-03-31,119500,120000,117500,118000,4558063,-0.024793388429752095
2022-04-01,117000,117500,116000,116000,3851558,-0.016949152542372836
2022-04-04,115000,117500,114500,117000,2470792,0.008620689655172376
2022-04-05,117500,118000,116000,116500,2101474,-0.004273504273504258
2022-04-06,114500,115500,113000,113000,4541938,-0.030042918454935674
2022-04-07,111500,114500,110500,113500,5027865,0.004424778761061843
2022-04-08,113000,114000,110500,112000,4268316,-0.013215859030836996
2022-04-11,111000,113000,110500,111500,2390786,-0.004464285714285698
2022-04-12,110500,113000,110500,111000,2738163,-0.004484304932735439
2022-04-13,112000,113000,111000,113000,2484490,0.018018018018018056
2022-04-14,113000,113000,110000,110000,4715700,-0.026548672566371723
2022-04-15,108000,108500,107000,108000,3694012,-0.018181818181818188
2022-04-18,107000,109500,106500,109000,2670439,0.0092592592592593
2022-04-19,110000,112500,109500,112500,3021192,0.032110091743119185
2022-04-20,112500,113000,111000,112500,2905007,0.0
2022-04-21,112500,115000,112500,113000,3199858,0.004444444444444473
2022-04-22,110500,112000,110500,110500,2360834,-0.02212389380530977
2022-04-25,109000,109500,108000,108000,2282343,-0.022624434389140302
2022-04-26,109500,111000,108000,111000,2969516,0.02777777777777768
2022-04-27,108000,109500,107500,108500,3261290,-0.022522522522522515
2022-04-28,109500,110000,108000,109500,2804966,0.009216589861751112
2022-04-29,110000,112500,109500,112500,3752415,0.027397260273972712
2022-05-02,110000,111500,110000,110500,2175384,-0.01777777777777778
2022-05-03,111000,112000,109500,110000,2676115,-0.004524886877828038
2022-05-04,110500,111000,108500,109500,2491890,-0.004545454545454519
2022-05-06,108000,108500,106500,107500,2566813,-0.0182648401826484
2022-05-09,107000,109000,106500,107500,2203472,0.0
2022-05-10,107000,111000,107000,110000,4141923,0.023255813953488413
2022-05-11,110500,112500,108000,110500,3658168,0.00454545454545463
2022-05-12,109500,111500,108500,109000,4132948,-0.013574660633484115
2022-05-13,109000,112500,109000,112500,4003349,0.032110091743119185
2022-05-16,113500,114000,110000,110500,3930044,-0.01777777777777778
2022-05-17,111000,113000,110500,112500,2056143,0.018099547511312153
2022-05-18,114000,115000,113000,113500,3570113,0.008888888888888946
2022-05-19,110500,112500,110000,111000,3680049,-0.022026431718061623
2022-05-20,111500,113000,111000,112500,2398978,0.013513513513513598
2022-05-23,113000,113500,111000,113000,3160028,0.004444444444444473
2022-05-24,111500,112000,108500,108500,4491835,-0.03982300884955747
2022-05-25,109500,110000,107000,108000,4151560,-0.004608294930875556
2022-05-26,107500,108500,101500,103000,8523001,-0.04629629629629628
2022-05-27,105500,107000,105000,106000,3686487,0.029126213592232997
2022-05-30,108000,108000,106000,107000,2054526,0.009433962264151052
2022-05-31,106500,108000,105500,108000,4024509,0.009345794392523255
2022-06-02,106000,107500,106000,107000,3097583,-0.0092592592592593
2022-06-03,108000,108500,107000,107000,1638006,0.0
2022-06-07,105500,106000,103500,104000,3174521,-0.028037383177570097
2022-06-08,104500,107500,104500,106000,3075530,0.019230769230769162
2022-06-09,105500,107000,104500,105500,4640744,-0.004716981132075526
2022-06-10,104000,104500,102500,103500,3480289,-0.018957345971563955
2022-06-13,100000,101000,99000,99000,4133447,-0.04347826086956519
2022-06-14,96900,99600,96800,99100,3242550,0.0010101010101009056
2022-06-15,98500,98900,96700,97900,2578500,-0.012108980827447047
2022-06-16,99900,101500,97100,97400,3810703,-0.005107252298263587
2022-06-17,95100,96400,95000,96400,3965464,-0.010266940451745366
2022-06-20,96700,96800,93100,94500,2386222,-0.01970954356846477
2022-06-21,94700,95900,93900,95200,2707302,0.007407407407407307
2022-06-22,95700,95700,91700,92200,3509830,-0.031512605042016806
2022-06-23,92100,93000,89700,90200,3983116,-0.021691973969631184
2022-06-24,90500,92000,90500,91600,3045970,0.015521064301552201
2022-06-27,92700,96100,92600,95000,3408749,0.037117903930131035
2022-06-28,94500,95300,93700,95300,2022966,0.0031578947368420263
2022-06-29,93300,94900,92900,94000,2529973,-0.01364113326337879
2022-06-30,91500,93100,91000,91000,3098854,-0.03191489361702127
2022-07-01,91000,92500,87100,87500,4959176,-0.038461538461538436
2022-07-04,87500,89600,86300,89100,4331728,0.01828571428571424
2022-07-05,90400,93400,90400,92500,3560085,0.038159371492704874
2022-07-06,92800,93600,90900,92100,3981326,-0.00432432432432428
2022-07-07,91300,95200,91300,93900,3330794,0.019543973941368087
2022-07-08,95900,96500,94500,94800,2814478,0.009584664536741228
2022-07-11,95000,95700,93500,93700,1885425,-0.011603375527426185
2022-07-12,94000,94000,91700,93300,2385688,-0.004268943436499417
2022-07-13,94600,96400,93800,94000,2721816,0.007502679528403
2022-07-14,92800,95500,92300,94000,2550307,0.0
2022-07-15,95900,99000,95500,98700,4457208,0.050000000000000044
2022-07-18,101000,103500,100000,101000,4564780,0.023302938196555267
2022-07-19,100000,100500,98700,100000,2709084,-0.00990099009900991
2022-07-20,103000,104500,101000,102000,3981053,0.020000000000000018
2022-07-21,102000,103000,100500,102500,2143984,0.004901960784313708
2022-07-22,102500,102500,100000,100000,3126556,-0.024390243902439046
2022-07-25,99100,101500,98900,100000,2185108,0.0
2022-07-26,100500,101000,99100,100500,1636970,0.004999999999999893
2022-07-27,101000,101500,98600,100000,3159499,-0.00497512437810943
2022-07-28,101000,101500,98900,99400,3359717,-0.006000000000000005
2022-07-29,99900,100000,97400,97900,3899079,-0.015090543259557387
2022-08-01,97200,98100,96500,97100,2007646,-0.008171603677221695
2022-08-02,97200,97200,96200,96500,1916851,-0.006179196704428458
2022-08-03,96900,97500,96100,97500,1703330,0.010362694300518172
2022-08-04,98000,98100,97100,97500,1960526,0.0
2022-08-05,98100,98700,97400,98500,2052852,0.01025641025641022
2022-08-08,97700,97700,95800,96300,3206548,-0.022335025380710638
2022-08-09,96000,96100,94500,95100,3152955,-0.012461059190031154
2022-08-10,91800,93000,91800,91800,4356568,-0.034700315457413256
2022-08-11,93500,94400,92600,93300,5206962,0.016339869281045694
2022-08-12,92800,94400,92600,93300,1910127,0.0
2022-08-16,94500,97600,94400,96700,4267280,0.03644158628081451
2022-08-17,96800,97600,95900,97100,1764674,0.004136504653567741
2022-08-18,95900,96400,95300,95700,1889587,-0.01441812564366629
2022-08-19,97000,97500,95900,96400,1890839,0.007314524555903867
2022-08-22,95200,95600,94000,95200,2293601,-0.012448132780082943
2022-08-23,94100,95400,93600,93600,1932822,-0.01680672268907568
2022-08-24,93900,94200,93000,93200,1447036,-0.004273504273504258
2022-08-25,93600,94100,92100,94100,2189458,0.00965665236051505
2022-08-26,95400,96800,94700,95100,2301949,0.010626992561105109
2022-08-29,92700,93300,92000,92500,2619260,-0.02733964248159837
2022-08-30,92700,93400,92400,93200,1595242,0.00756756756756749
2022-08-31,92600,95500,92100,95200,2421669,0.02145922746781115
2022-09-01,93900,93900,92300,92400,2337521,-0.02941176470588236
2022-09-02,92700,93300,91600,91700,2036818,-0.007575757575757569
2022-09-05,91800,92400,90400,91100,1706148,-0.0065430752453653485
2022-09-06,91900,92900,91100,91800,1389821,0.007683863885839637
2022-09-07,91100,91100,89900,90400,2053413,-0.015250544662309351
2022-09-08,90500,91000,90000,90400,2012123,0.0
2022-09-13,91700,95200,91700,94800,3288428,0.04867256637168138
2022-09-14,91700,93400,91300,93000,2444928,-0.01898734177215189
2022-09-15,92900,93000,91500,92000,1755820,-0.010752688172043001
2022-09-16,90900,91400,90000,91200,2243179,-0.008695652173912993
2022-09-19,90800,91500,90000,90000,2078633,-0.013157894736842146
2022-09-20,89000,90600,87500,88000,4259789,-0.022222222222222254
2022-09-21,87500,88500,86300,88000,2954420,0.0
2022-09-22,86300,86900,85900,86000,2204430,-0.022727272727272707
2022-09-23,85500,86600,83300,83500,3932242,-0.029069767441860517
2022-09-26,81500,83200,81500,82500,3281145,-0.0119760479041916
2022-09-27,82200,82700,80700,82000,2606333,-0.0060606060606061
2022-09-28,81900,83500,80500,81200,3068181,-0.009756097560975618
2022-09-29,82500,82900,80500,80800,2064798,-0.0049261083743842304
2022-09-30,80900,83900,80400,83100,4711130,0.02846534653465338
2022-10-04,85200,87200,85200,86200,4277404,0.03730445246690728
2022-10-05,90000,90400,88100,89800,5927256,0.0417633410672853
2022-10-06,90900,92000,89800,89900,3039698,0.00111358574610243
2022-10-07,89600,91800,87800,91200,3100583,0.014460511679644128
2022-10-11,89700,91200,88000,90200,3840842,-0.010964912280701733
2022-10-12,91000,94000,90900,94000,4648231,0.04212860310421296
2022-10-13,93400,94900,92800,94900,4390570,0.009574468085106425
2022-10-14,96000,96600,94300,95500,3516437,0.006322444678608985
2022-10-17,94600,95300,94000,95200,2134558,-0.003141361256544517
2022-10-18,95900,96200,94600,95800,2618680,0.006302521008403339
2022-10-19,94700,94900,92700,92900,3684934,-0.030271398747390377
2022-10-20,91000,91800,89000,90200,4547678,-0.0290635091496233
2022-10-21,89800,91400,89700,90500,2206754,0.003325942350332678
2022-10-24,92200,93100,91200,91800,2165991,0.01436464088397793
2022-10-25,91900,94800,91000,93500,2656194,0.0185185185185186
2022-10-26,93300,95500,93200,93900,3310322,0.004278074866310266
2022-10-27,95100,95100,89800,90000,4550273,-0.04153354632587858
2022-10-28,87100,87800,83000,83400,7748514,-0.07333333333333336
2022-10-31,84300,85400,82400,82700,6271574,-0.008393285371702586
2022-11-01,82700,83900,81400,83900,3820185,0.0145102781136639
2022-11-02,84200,85500,83600,84500,2536363,0.007151370679380209
2022-11-03,82600,83500,81900,82700,2901380,-0.02130177514792897
2022-11-04,82700,84600,81700,84500,3032985,0.021765417170495738
2022-11-07,85400,86800,85000,86500,2765284,0.023668639053254337
2022-11-08,87600,89000,87400,87700,2799575,0.01387283236994219
2022-11-09,88100,89200,86600,89200,2619752,0.01710376282782211
2022-11-10,89000,90800,88300,89100,3856811,-0.0011210762331838042
2022-11-11,95200,95300,92500,93500,5002149,0.04938271604938271
2022-11-14,93900,93900,90900,90900,2483441,-0.027807486631016065
2022-11-15,91300,92100,90400,91600,2460465,0.007700770077007757
2022-11-16,92000,92400,90300,91500,2609199,-0.0010917030567685337
2022-11-17,82400,88500,82000,87700,3703870,-0.041530054644808745
2022-11-18,88700,91500,88100,88400,2981192,0.007981755986316896
2022-11-21,87600,87700,86100,86300,2111523,-0.02375565610859731
2022-11-22,85500,86600,84900,85200,1617131,-0.01274623406720743
2022-11-23,86100,86700,84900,85200,1480400,0.0
2022-11-24,86900,87200,85700,86900,2148255,0.0199530516431925
2022-11-25,87200,87300,85100,85100,1439011,-0.020713463751438455
2022-11-28,84100,84200,82900,83100,2471506,-0.023501762632197387
2022-11-29,82700,83800,82100,83700,1501783,0.0072202166064982976
2022-11-30,83200,85400,83100,85000,3332708,0.015531660692950977
2022-12-01,87300,87300,84600,84700,2878591,-0.003529411764705892
2022-12-02,83900,83900,81800,81900,4594058,-0.03305785123966942
2022-12-05,81900,82300,80700,81000,3516456,-0.01098901098901095
2022-12-06,79900,81100,79800,81000,2781352,0.0
2022-12-07,79900,80700,78700,78900,3589926,-0.025925925925925908
2022-12-08,78200,79800,78200,78800,3809847,-0.0012674271229404788
2022-12-09,79400,81500,79300,81500,2985508,0.03426395939086291
2022-12-12,80100,81300,79500,81100,1242007,-0.004907975460122671
2022-12-13,81300,82700,80500,82300,2761104,0.01479654747225645
2022-12-14,82100,82600,81100,81800,2357491,-0.0060753341433779084
2022-12-15,80600,81100,79900,80200,1713617,-0.019559902200488977
2022-12-16,77700,79400,77500,78400,3827227,-0.02244389027431426
2022-12-19,78300,80100,78300,79000,1813544,0.007653061224489832
2022-12-20,78200,78900,77800,78300,1361926,-0.008860759493670933
2022-12-21,78500,79200,78000,78000,1513864,-0.003831417624521105
2022-12-22,78500,79300,77900,79200,2061883,0.01538461538461533
2022-12-23,77800,78300,77300,77800,1554446,-0.017676767676767624
2022-12-26,77700,77700,76500,77000,1414717,-0.010282776349614386
2022-12-27,77500,77600,76500,77000,1694225,0.0
2022-12-28,76800,77000,75400,76000,1891221,-0.012987012987012991
2022-12-29,75200,75600,74700,75000,1736661,-0.013157894736842146
2023-01-02,75100,76700,75000,75700,1376985,0.009333333333333416
2023-01-03,75600,76300,73100,75600,2719437,-0.0013210039630119352
2023-01-04,75400,81900,75200,81000,5154609,0.0714285714285714
2023-01-05,83300,83300,80800,81400,3510964,0.004938271604938205
2023-01-06,81400,83600,81100,83100,3687430,0.020884520884520974
2023-01-09,84900,86000,83500,86000,3948670,0.03489771359807459
2023-01-10,85500,87200,85000,86500,3085383,0.005813953488372103
